GROUP,PACKAGE,CLASS,INSTRUCTION_MISSED,INSTRUCTION_COVERED,BRANCH_MISSED,BRANCH_COVERED,LINE_MISSED,LINE_COVERED,COMPLEXITY_MISSED,COMPLEXITY_COVERED,METHOD_MISSED,METHOD_COVERED
reimbursementportal,com.example.reimbursementportal.service.impl,UserServiceImpl,43,113,6,8,9,32,8,9,3,7
reimbursementportal,com.example.reimbursementportal.service.impl,AuthServiceImpl,0,44,0,2,0,13,0,4,0,3
reimbursementportal,com.example.reimbursementportal.service.impl,ClaimServiceImpl,56,178,6,12,12,48,12,10,6,7
reimbursementportal,com.example.reimbursementportal.mapper,ClaimMapper,0,47,0,0,0,17,0,2,0,2
reimbursementportal,com.example.reimbursementportal.mapper,UserMapper,0,40,0,0,0,13,0,2,0,2
reimbursementportal,com.example.reimbursementportal,ReimbursementportalApplication,8,3,0,0,3,1,1,1,1,1
reimbursementportal,com.example.reimbursementportal.exception,ResourceNotFoundException,0,4,0,0,0,2,0,1,0,1
reimbursementportal,com.example.reimbursementportal.exception,BusinessException,0,4,0,0,0,2,0,1,0,1
reimbursementportal,com.example.reimbursementportal.exception,GlobalExceptionHandler,0,55,0,0,0,19,0,4,0,4
reimbursementportal,com.example.reimbursementportal.dto,UserRequestDto,0,38,0,0,0,17,0,11,0,11
reimbursementportal,com.example.reimbursementportal.dto,ErrorResponseDto,18,18,0,0,9,7,5,3,5,3
reimbursementportal,com.example.reimbursementportal.dto,UserResponseDto,4,52,0,0,2,22,1,11,1,11
reimbursementportal,com.example.reimbursementportal.dto,LoginResponseDto,29,27,0,0,14,10,8,4,8,4
reimbursementportal,com.example.reimbursementportal.dto,LoginRequestDto,0,17,0,0,0,8,0,5,0,5
reimbursementportal,com.example.reimbursementportal.dto,ClaimResponseDto,0,86,0,0,0,36,0,18,0,18
reimbursementportal,com.example.reimbursementportal.dto,ApiResponseDto,11,15,0,0,6,6,3,3,3,3
reimbursementportal,com.example.reimbursementportal.dto,ClaimActionRequestDto,0,10,0,0,0,5,0,3,0,3
reimbursementportal,com.example.reimbursementportal.dto,ClaimRequestDto,0,24,0,0,0,11,0,7,0,7
reimbursementportal,com.example.reimbursementportal.controller,ReviewerClaimController,0,34,0,0,0,8,0,4,0,4
reimbursementportal,com.example.reimbursementportal.controller,AdminController,13,41,0,0,2,9,1,4,1,4
reimbursementportal,com.example.reimbursementportal.controller,AuthController,0,12,0,0,0,4,0,2,0,2
reimbursementportal,com.example.reimbursementportal.controller,EmployeeClaimController,0,26,0,0,0,6,0,3,0,3
reimbursementportal,com.example.reimbursementportal.entity,Claim,0,59,0,0,0,25,0,17,0,17
reimbursementportal,com.example.reimbursementportal.entity,User,0,45,0,0,0,19,0,13,0,13
reimbursementportal,com.example.reimbursementportal.enums,Role,0,21,0,0,0,4,0,1,0,1
reimbursementportal,com.example.reimbursementportal.enums,ClaimStatus,0,21,0,0,0,4,0,1,0,1
